Layer,Expressivity Score
conv2d,2.3493151664733887
max_pooling2d,2.2877585887908936
conv2d_1,2.89450740814209
max_pooling2d_1,2.6018576622009277
conv2d_2,2.003596544265747
