Layer,Expressivity Score
conv2d,1.2527049779891968
max_pooling2d,1.2780327796936035
conv2d_1,2.0160751342773438
max_pooling2d_1,2.009950637817383
conv2d_2,2.0065808296203613
